{
    "properties": {
        "ConvertedFlex": {
            "bsonType": "date"
        },
        "FlexFollowup": {
            "bsonType": "date"
        },
        "NoFollowup": {
            "bsonType": "date"
        },
        "StartFlex": {
            "bsonType": "date"
        },
        "__v": {
            "bsonType": "int"
        },
        "_id": {
            "bsonType": "objectId"
        },
        "addressBook": {
            "bsonType": "array",
            "items": {
                "bsonType": "object",
                "properties": {
                    "_id": {
                        "bsonType": "objectId"
                    },
                    "address1": {
                        "bsonType": "string"
                    },
                    "address2": {
                        "bsonType": "string"
                    },
                    "city": {
                        "bsonType": "string"
                    },
                    "firstName": {
                        "bsonType": "string"
                    },
                    "lastName": {
                        "bsonType": "string"
                    },
                    "name": {
                        "bsonType": "string"
                    },
                    "state": {
                        "bsonType": "string"
                    },
                    "zip": {
                        "bsonType": "string"
                    }
                }
            }
        },
        "bandwidth": {
            "bsonType": "bool"
        },
        "cards": {
            "bsonType": "array",
            "items": {
                "bsonType": "object",
                "properties": {
                    "_id": {
                        "bsonType": "objectId"
                    },
                    "added": {
                        "bsonType": "date"
                    },
                    "brand": {
                        "bsonType": "string"
                    },
                    "exp_month": {
                        "bsonType": "string"
                    },
                    "exp_year": {
                        "bsonType": "string"
                    },
                    "last4": {
                        "bsonType": "string"
                    },
                    "sourceId": {
                        "bsonType": "string"
                    }
                }
            }
        },
        "conversation": {
            "bsonType": "array",
            "items": {
                "bsonType": "objectId"
            }
        },
        "created": {
            "bsonType": "date"
        },
        "createdAt": {
            "bsonType": "date"
        },
        "credit": {
            "bsonType": "int"
        },
        "customerId": {
            "bsonType": "string"
        },
        "customerType": {
            "bsonType": "string"
        },
        "dontText": {
            "bsonType": "bool"
        },
        "email": {
            "bsonType": "string"
        },
        "failedFlex": {
            "bsonType": "int"
        },
        "firstName": {
            "bsonType": "string"
        },
        "flexDefault": {
            "bsonType": "array",
            "items": {
                "bsonType": "object",
                "properties": {
                    "_id": {
                        "bsonType": "objectId"
                    },
                    "id": {
                        "bsonType": "string"
                    },
                    "name": {
                        "bsonType": "string"
                    },
                    "price": {
                        "bsonType": "int"
                    },
                    "quantity": {
                        "bsonType": "int"
                    },
                    "totalPrice": {
                        "bsonType": "int"
                    }
                }
            }
        },
        "flexPlans": {
            "bsonType": "array",
            "items": {
                "bsonType": "objectId"
            }
        },
        "followup": {
            "bsonType": "object",
            "properties": {
                "body": {
                    "bsonType": "string"
                },
                "followupDate": {
                    "bsonType": "date"
                }
            }
        },
        "gotFlexText": {
            "bsonType": "bool"
        },
        "gotWrongPhone": {
            "bsonType": "bool"
        },
        "lastInbound": {
            "bsonType": "string"
        },
        "lastInteraction": {
            "bsonType": "date"
        },
        "lastName": {
            "bsonType": "string"
        },
        "lastOutbound": {
            "bsonType": "string"
        },
        "lastReply": {
            "bsonType": "date"
        },
        "lastText": {
            "bsonType": "object",
            "properties": {
                "body": {
                    "bsonType": "string"
                },
                "sender": {
                    "bsonType": "string"
                },
                "timestamp": {
                    "bsonType": "date"
                }
            }
        },
        "marketingOptIn": {
            "bsonType": "array",
            "items": {
                "bsonType": "object",
                "properties": {
                    "_id": {
                        "bsonType": "objectId"
                    },
                    "date": {
                        "bsonType": "date"
                    },
                    "status": {
                        "bsonType": "bool"
                    }
                }
            }
        },
        "noReply": {
            "bsonType": "int"
        },
        "noReplyNeg": {
            "bsonType": "int"
        },
        "notes": {
            "bsonType": "array",
            "items": {
                "bsonType": "object",
                "properties": {
                    "_id": {
                        "bsonType": "objectId"
                    },
                    "body": {
                        "bsonType": "string"
                    },
                    "status": {
                        "bsonType": "string"
                    }
                }
            }
        },
        "orders": {
            "bsonType": "array",
            "items": {
                "bsonType": "object",
                "properties": {
                    "_id": {
                        "bsonType": "objectId"
                    },
                    "completionDate": {
                        "bsonType": "date"
                    },
                    "invoiceNumber": {
                        "bsonType": "string"
                    }
                }
            }
        },
        "packlane": {
            "bsonType": "bool"
        },
        "phone": {
            "bsonType": "string"
        },
        "query": {
            "bsonType": "object",
            "properties": {
                "exclusive": {
                    "bsonType": "string"
                },
                "flexDefault": {
                    "bsonType": "string"
                },
                "flexPage": {
                    "bsonType": "string"
                },
                "restock": {
                    "bsonType": "string"
                },
                "restockName": {
                    "bsonType": "string"
                },
                "sampleFlavorNames": {
                    "bsonType": "string"
                },
                "sampleFlavors": {
                    "bsonType": "string"
                },
                "trial": {
                    "bsonType": "string"
                },
                "utm_campaign": {
                    "bsonType": "string"
                },
                "utm_medium": {
                    "bsonType": "string"
                },
                "utm_source": {
                    "bsonType": "string"
                }
            }
        },
        "referId": {
            "bsonType": "objectId"
        },
        "referral": {
            "bsonType": "string"
        },
        "rushed": {
            "bsonType": "bool"
        },
        "shippingAddress": {
            "bsonType": "object",
            "properties": {
                "address1": {
                    "bsonType": "string"
                },
                "address2": {
                    "bsonType": "string"
                },
                "city": {
                    "bsonType": "string"
                },
                "firstName": {
                    "bsonType": "string"
                },
                "lastName": {
                    "bsonType": "string"
                },
                "name": {
                    "bsonType": "string"
                },
                "state": {
                    "bsonType": "string"
                },
                "zip": {
                    "bsonType": "string"
                }
            }
        },
        "source": {
            "bsonType": "string"
        },
        "status": {
            "bsonType": "string"
        },
        "suggestedAction": {
            "bsonType": "object",
            "properties": {
                "action": {
                    "bsonType": "string"
                },
                "confidence": {
                    "bsonType": "string"
                },
                "function": {
                    "bsonType": "string"
                },
                "text": {
                    "bsonType": "string"
                }
            }
        },
        "totalOrders": {
            "bsonType": "int"
        },
        "totalValue": {
            "bsonType": "int"
        },
        "trialDelivered": {
            "bsonType": "date"
        },
        "unread": {
            "bsonType": "bool"
        },
        "updatedAt": {
            "bsonType": "date"
        }
    },
    "title": "newcustomer"
}
