{
    "properties": {
        "__v": {
            "bsonType": "int"
        },
        "_id": {
            "bsonType": "objectId"
        },
        "completionDate": {
            "bsonType": "date"
        },
        "customer": {
            "bsonType": "objectId"
        },
        "customerInfo": {
            "bsonType": "object",
            "properties": {
                "address": {
                    "bsonType": "object",
                    "properties": {
                        "address1": {
                            "bsonType": "string"
                        },
                        "address2": {
                            "bsonType": "string"
                        },
                        "city": {
                            "bsonType": "string"
                        },
                        "company": {
                            "bsonType": "string"
                        },
                        "firstName": {
                            "bsonType": "string"
                        },
                        "lastName": {
                            "bsonType": "string"
                        },
                        "name": {
                            "bsonType": "string"
                        },
                        "state": {
                            "bsonType": "string"
                        },
                        "zip": {
                            "bsonType": "string"
                        }
                    }
                },
                "customerPhone": {
                    "bsonType": "string"
                },
                "customerType": {
                    "bsonType": "string"
                },
                "email": {
                    "bsonType": "string"
                },
                "firstName": {
                    "bsonType": "string"
                },
                "lastName": {
                    "bsonType": "string"
                }
            }
        },
        "discounts": {
            "bsonType": "array",
            "items": {
                "bsonType": "object",
                "properties": {
                    "_id": {
                        "bsonType": "objectId"
                    },
                    "amount": {
                        "bsonType": "int"
                    },
                    "code": {
                        "bsonType": "string"
                    },
                    "discountType": {
                        "bsonType": "string"
                    },
                    "value": {
                        "bsonType": "double"
                    }
                }
            }
        },
        "invoiceNumber": {
            "bsonType": "string"
        },
        "items": {
            "bsonType": "array",
            "items": {
                "bsonType": "object",
                "properties": {
                    "_id": {
                        "bsonType": "objectId"
                    },
                    "id": {
                        "bsonType": "string"
                    },
                    "name": {
                        "bsonType": "string"
                    },
                    "price": {
                        "bsonType": "int"
                    },
                    "quantity": {
                        "bsonType": "int"
                    },
                    "totalPrice": {
                        "bsonType": "int"
                    }
                }
            }
        },
        "orderType": {
            "bsonType": "string"
        },
        "paid": {
            "bsonType": "object",
            "properties": {
                "creditUsed": {
                    "bsonType": "int",
                    "minimum": 0
                },
                "discountTotal": {
                    "bsonType": "int"
                },
                "shipping": {
                    "bsonType": "int"
                },
                "subtotal": {
                    "bsonType": "int"
                },
                "total": {
                    "bsonType": "int"
                }
            }
        },
        "query": {
            "bsonType": "object",
            "properties": {
                "flexDefault": {
                    "bsonType": "string"
                },
                "restock": {
                    "bsonType": "string"
                },
                "restockName": {
                    "bsonType": "string"
                },
                "sampleFlavorNames": {
                    "bsonType": "string"
                },
                "sampleFlavors": {
                    "bsonType": "string"
                },
                "trial": {
                    "bsonType": "string"
                },
                "trialFlavorNames": {
                    "bsonType": "string"
                },
                "trialFlavors": {
                    "bsonType": "string"
                }
            }
        },
        "refund": {
            "bsonType": "array",
            "items": {
                "bsonType": "object",
                "properties": {
                    "_id": {
                        "bsonType": "objectId"
                    },
                    "amount": {
                        "bsonType": "int"
                    },
                    "reason": {
                        "bsonType": "string"
                    },
                    "refundDate": {
                        "bsonType": "date"
                    },
                    "status": {
                        "bsonType": "string"
                    },
                    "stripeRefund": {
                        "bsonType": "string"
                    }
                }
            }
        },
        "shipping": {
            "bsonType": "object",
            "properties": {
                "fulfillmentId": {
                    "bsonType": "string"
                },
                "shipDate": {
                    "bsonType": "date"
                },
                "shippingType": {
                    "bsonType": "string"
                },
                "status": {
                    "bsonType": "string"
                }
            }
        },
        "stripeCharge": {
            "bsonType": "string"
        }
    },
    "title": "neworder"
}
