{
    "field_name": "cancelOrder",
    "function_name": "cancelOrder",
    "input_type": {
        "properties": {
            "cancelReason": {
                "bsonType": "string"
            },
            "invoiceNumber": {
                "bsonType": "string"
            }
        },
        "required": [
            "invoiceNumber"
        ],
        "title": "cancelOrder",
        "type": "object"
    },
    "input_type_format": "custom",
    "on_type": "Mutation",
    "payload_type": "boolean",
    "payload_type_format": "scalar"
}
