{
    "field_name": "processOrder",
    "function_name": "processOrder",
    "input_type": {
        "properties": {
            "address": {
                "bsonType": "object",
                "properties": {
                    "address1": {
                        "bsonType": "string"
                    },
                    "address2": {
                        "bsonType": "string"
                    },
                    "city": {
                        "bsonType": "string"
                    },
                    "firstName": {
                        "bsonType": "string"
                    },
                    "lastName": {
                        "bsonType": "string"
                    },
                    "name": {
                        "bsonType": "string"
                    },
                    "state": {
                        "bsonType": "string"
                    },
                    "zip": {
                        "bsonType": "string"
                    }
                }
            },
            "customerId": {
                "bsonType": "string"
            },
            "discounts": {
                "bsonType": "array",
                "items": {
                    "properties": {
                        "amount": {
                            "bsonType": "int",
                            "description": "passthrough field, will not be used for computation"
                        },
                        "code": {
                            "bsonType": "string"
                        },
                        "discountType": {
                            "bsonType": "string"
                        },
                        "flex": {
                            "bsonType": "bool"
                        },
                        "value": {
                            "bsonType": "double"
                        }
                    },
                    "required": [
                        "code",
                        "discountType",
                        "value"
                    ],
                    "type": "object"
                }
            },
            "fulfillmentDelay": {
                "bsonType": "object",
                "properties": {
                    "duration": {
                        "bsonType": "int"
                    },
                    "durationUnit": {
                        "bsonType": "string",
                        "enum": [
                            "day",
                            "days"
                        ]
                    }
                }
            },
            "items": {
                "bsonType": "array",
                "items": {
                    "bsonType": "object",
                    "properties": {
                        "id": {
                            "bsonType": "string"
                        },
                        "quantity": {
                            "bsonType": "int"
                        }
                    }
                }
            },
            "orderType": {
                "bsonType": "string"
            },
            "shipping": {
                "bsonType": "int"
            },
            "source": {
                "bsonType": "string"
            }
        },
        "required": [
            "orderType",
            "customerId",
            "items"
        ],
        "title": "orderCreate",
        "type": "object"
    },
    "input_type_format": "custom",
    "on_type": "Mutation",
    "payload_type": "Neworder",
    "payload_type_format": "generated"
}
