{
    "field_name": "sendTextMessageToSlack",
    "function_name": "sendTextMessageToSlack",
    "input_type": {
        "properties": {
            "channelId": {
                "bsonType": "string"
            },
            "comments": {
                "bsonType": "string"
            },
            "hasImage": {
                "bsonType": "boolean"
            },
            "messageId": {
                "bsonType": "string"
            }
        },
        "required": [
            "messageId",
            "channelId",
            "hasImage"
        ],
        "title": "sendTextMessageToSlack",
        "type": "object"
    },
    "input_type_format": "custom",
    "on_type": "Mutation",
    "payload_type": "Message",
    "payload_type_format": "generated"
}
