{
    "field_name": "emitEvent",
    "function_name": "emitEvent",
    "input_type": {
        "additionalProperties": true,
        "properties": {
            "action": {
                "bsonType": "string"
            },
            "customer": {
                "bsonType": "object",
                "properties": {
                    "id": {
                        "bsonType": "string"
                    }
                }
            },
            "properties": {
                "bsonType": "array",
                "items": {
                    "bsonType": "object",
                    "properties": {
                        "name": {
                            "bsonType": "string"
                        },
                        "value": {
                            "bsonType": "string"
                        }
                    }
                },
                "required": [
                    "name",
                    "value"
                ]
            },
            "source": {
                "bsonType": "string"
            },
            "timestamp": {
                "bsonType": "date"
            },
            "type": {
                "bsonType": "string"
            }
        },
        "required": [
            "action",
            "type"
        ],
        "title": "emitEvent",
        "type": "object"
    },
    "input_type_format": "custom",
    "on_type": "Mutation",
    "payload_type_format": ""
}
