{
    "field_name": "removeCustomerAddress",
    "function_name": "removeCustomerAddress",
    "input_type": {
        "properties": {
            "addressBookIds": {
                "bsonType": "array",
                "items": {
                    "bsonType": "string"
                }
            },
            "customerId": {
                "bsonType": "string"
            }
        },
        "title": "removeCustomerAddress",
        "type": "object"
    },
    "input_type_format": "custom",
    "on_type": "Mutation",
    "payload_type": "Newcustomer",
    "payload_type_format": "generated"
}
