{
    "field_name": "creditCustomer",
    "function_name": "creditCustomer",
    "input_type": {
        "properties": {
            "credit": {
                "bsonType": "int"
            },
            "customerId": {
                "bsonType": "objectId"
            },
            "source": {
                "bsonType": "string"
            }
        },
        "title": "creditCustomer",
        "type": "object"
    },
    "input_type_format": "custom",
    "on_type": "Mutation",
    "payload_type_format": ""
}
