{
    "field_name": "refundOrder",
    "function_name": "refundOrder",
    "input_type": {
        "properties": {
            "invoiceNumber": {
                "bsonType": "string"
            },
            "refundAmount": {
                "bsonType": "int"
            },
            "refundReason": {
                "bsonType": "string"
            }
        },
        "required": [
            "invoiceNumber"
        ],
        "title": "refundOrder",
        "type": "object"
    },
    "input_type_format": "custom",
    "on_type": "Mutation",
    "payload_type": "boolean",
    "payload_type_format": "scalar"
}
