{
    "field_name": "skipTrial",
    "function_name": "skipTrial",
    "input_type": {
        "properties": {
            "customerId": {
                "bsonType": "string"
            },
            "duration": {
                "bsonType": "int"
            }
        },
        "required": [
            "customerId"
        ],
        "title": "SkipTrialInput",
        "type": "object"
    },
    "input_type_format": "custom",
    "on_type": "Mutation",
    "payload_type": "Newcustomer",
    "payload_type_format": "generated"
}
