{
    "field_name": "skipFlexPlan",
    "function_name": "skipFlexPlan",
    "input_type": {
        "properties": {
            "duration": {
                "bsonType": "int"
            },
            "flexPlanId": {
                "bsonType": "string"
            }
        },
        "required": [
            "flexPlanId"
        ],
        "title": "SkipFlexPlanInput",
        "type": "object"
    },
    "input_type_format": "custom",
    "on_type": "Mutation",
    "payload_type": "Flexplan",
    "payload_type_format": "generated"
}
