{
    "field_name": "addCustomerNote",
    "function_name": "addCustomerNote",
    "input_type": {
        "properties": {
            "body": {
                "bsonType": "string"
            },
            "customerId": {
                "bsonType": "string"
            },
            "status": {
                "bsonType": "string"
            }
        },
        "title": "addCustomerNote",
        "type": "object"
    },
    "input_type_format": "custom",
    "on_type": "Mutation",
    "payload_type": "Newcustomer",
    "payload_type_format": "generated"
}
