{
    "field_name": "mergeShellCustomer",
    "function_name": "mergeShellCustomer",
    "input_type": {
        "properties": {
            "toArchiveCustomerId": {
                "bsonType": "string"
            },
            "toKeepCustomerId": {
                "bsonType": "string"
            }
        },
        "required": [
            "toKeepCustomerId",
            "toArchiveCustomerId"
        ],
        "title": "mergeShellCustomer",
        "type": "object"
    },
    "input_type_format": "custom",
    "on_type": "Mutation",
    "payload_type": "Newcustomer",
    "payload_type_format": "generated"
}
