{
    "field_name": "buildCart",
    "function_name": "buildCart",
    "input_type": {
        "properties": {
            "customerId": {
                "bsonType": "string"
            },
            "discounts": {
                "bsonType": "array",
                "items": {
                    "properties": {
                        "amount": {
                            "bsonType": "int",
                            "description": "passthrough field, will not be used for computation"
                        },
                        "code": {
                            "bsonType": "string"
                        },
                        "discountType": {
                            "bsonType": "string"
                        },
                        "flex": {
                            "bsonType": "bool"
                        },
                        "value": {
                            "bsonType": "double"
                        }
                    },
                    "type": "object"
                },
                "required": [
                    "code",
                    "discountType",
                    "value"
                ]
            },
            "items": {
                "bsonType": "array",
                "items": {
                    "bsonType": "object",
                    "properties": {
                        "id": {
                            "bsonType": "string"
                        },
                        "quantity": {
                            "bsonType": "int"
                        }
                    }
                },
                "required": [
                    "id",
                    "quantity"
                ]
            },
            "orderType": {
                "bsonType": "string"
            },
            "shipping": {
                "bsonType": "int"
            },
            "source": {
                "bsonType": "string"
            }
        },
        "required": [
            "orderType",
            "customerId",
            "items"
        ],
        "title": "cartProperties",
        "type": "object"
    },
    "input_type_format": "custom",
    "on_type": "Query",
    "payload_type": {
        "properties": {
            "discounts": {
                "bsonType": "array",
                "items": {
                    "bsonType": "object",
                    "properties": {
                        "amount": {
                            "bsonType": "int"
                        },
                        "code": {
                            "bsonType": "string"
                        },
                        "discountType": {
                            "bsonType": "string"
                        },
                        "flex": {
                            "bsonType": "bool"
                        },
                        "value": {
                            "bsonType": "double"
                        }
                    }
                }
            },
            "items": {
                "bsonType": "array",
                "items": {
                    "bsonType": "object",
                    "properties": {
                        "id": {
                            "bsonType": "string"
                        },
                        "name": {
                            "bsonType": "string"
                        },
                        "price": {
                            "bsonType": "int"
                        },
                        "quantity": {
                            "bsonType": "int"
                        },
                        "totalPrice": {
                            "bsonType": "int"
                        }
                    }
                }
            },
            "orderType": {
                "bsonType": "string"
            },
            "paid": {
                "bsonType": "object",
                "properties": {
                    "creditUsed": {
                        "bsonType": "int"
                    },
                    "discountTotal": {
                        "bsonType": "int"
                    },
                    "shipping": {
                        "bsonType": "int"
                    },
                    "subtotal": {
                        "bsonType": "int"
                    },
                    "total": {
                        "bsonType": "int"
                    }
                }
            },
            "source": {
                "bsonType": "string"
            }
        },
        "title": "cart",
        "type": "object"
    },
    "payload_type_format": "custom"
}
