{
    "field_name": "populatedMessages",
    "function_name": "populateMessages",
    "input_type": {
        "properties": {
            "limit": {
                "bsonType": "int"
            },
            "skip": {
                "bsonType": "int"
            },
            "sort": {
                "bsonType": "int"
            },
            "sourceField": {
                "bsonType": "string"
            },
            "targetField": {
                "bsonType": "string"
            }
        },
        "required": [
            "sourceField"
        ],
        "title": "PopulateInput",
        "type": "object"
    },
    "input_type_format": "custom",
    "on_type": "Ticket",
    "payload_type": "Message",
    "payload_type_format": "generated-list"
}
