{
    "properties": {
        "__v": {
            "bsonType": "int"
        },
        "_id": {
            "bsonType": "objectId"
        },
        "active": {
            "bsonType": "bool"
        },
        "code": {
            "bsonType": "string"
        },
        "createdAt": {
            "bsonType": "date"
        },
        "currentValue": {
            "bsonType": "int"
        },
        "deliverTo": {
            "bsonType": "string"
        },
        "deliveryType": {
            "bsonType": "string"
        },
        "image": {
            "bsonType": "string"
        },
        "originalValue": {
            "bsonType": "int"
        },
        "purchaseDate": {
            "bsonType": "date"
        },
        "purchaserId": {
            "bsonType": "objectId"
        },
        "recipientId": {
            "bsonType": "objectId"
        },
        "redemptionDate": {
            "bsonType": "date"
        },
        "updatedAt": {
            "bsonType": "date"
        }
    },
    "title": "giftcard"
}
