{
    "properties": {
        "__v": {
            "bsonType": "int"
        },
        "_id": {
            "bsonType": "objectId"
        },
        "clickedButton": {
            "bsonType": "bool"
        },
        "code": {
            "bsonType": "string"
        },
        "created": {
            "bsonType": "date"
        },
        "customer": {
            "bsonType": "objectId"
        },
        "discount": {
            "bsonType": "int"
        },
        "firstName": {
            "bsonType": "string"
        },
        "inbound": {
            "bsonType": "bool"
        },
        "linkSent": {
            "bsonType": "bool"
        },
        "openedLink": {
            "bsonType": "bool"
        },
        "phone": {
            "bsonType": "string"
        },
        "referralDiscount": {
            "bsonType": "int"
        },
        "referralsUsed": {
            "bsonType": "int"
        },
        "shortid": {
            "bsonType": "string"
        },
        "totalReferrals": {
            "bsonType": "int"
        }
    },
    "title": "refer"
}
