{
    "id": "60a2d5ce17e1dfa4a3293395",
    "name": "customerPhoneOrderUpdater",
    "type": "DATABASE",
    "config": {
        "operation_types": [
            "UPDATE"
        ],
        "database": "verbenergy",
        "collection": "newcustomers",
        "service_name": "mongodb-atlas",
        "match": {
            "updateDescription.updatedFields.phone": {
                "$exists": true
            }
        },
        "project": {},
        "full_document": true,
        "full_document_before_change": false,
        "unordered": true
    },
    "function_name": "setOrderCustomerPhone",
    "disabled": false
}
