{
    "properties": {
        "__v": {
            "bsonType": "int"
        },
        "_id": {
            "bsonType": "objectId"
        },
        "action": {
            "bsonType": "string"
        },
        "category": {
            "bsonType": "string"
        },
        "priority": {
            "bsonType": "int"
        },
        "status": {
            "bsonType": "string"
        },
        "texts": {
            "bsonType": "array",
            "items": {
                "bsonType": "string"
            }
        },
        "title": {
            "bsonType": "string"
        }
    },
    "title": "textbutton"
}
