{
    "properties": {
        "__v": {
            "bsonType": "int"
        },
        "_id": {
            "bsonType": "objectId"
        },
        "customer": {
            "bsonType": "objectId"
        },
        "discounts": {
            "bsonType": "array",
            "items": {
                "bsonType": "object",
                "properties": {
                    "_id": {
                        "bsonType": "objectId"
                    },
                    "amount": {
                        "bsonType": "int"
                    },
                    "code": {
                        "bsonType": "string"
                    },
                    "discountType": {
                        "bsonType": "string"
                    },
                    "flex": {
                        "bsonType": "bool"
                    },
                    "value": {
                        "bsonType": "double"
                    }
                }
            }
        },
        "email": {
            "bsonType": "string"
        },
        "firstName": {
            "bsonType": "string"
        },
        "items": {
            "bsonType": "array",
            "items": {
                "bsonType": "object",
                "properties": {
                    "_id": {
                        "bsonType": "objectId"
                    },
                    "id": {
                        "bsonType": "string"
                    },
                    "name": {
                        "bsonType": "string"
                    },
                    "price": {
                        "bsonType": "int"
                    },
                    "quantity": {
                        "bsonType": "int"
                    },
                    "totalPrice": {
                        "bsonType": "int"
                    }
                }
            }
        },
        "lastName": {
            "bsonType": "string"
        },
        "nextOrder": {
            "bsonType": "date"
        },
        "nextText": {
            "bsonType": "date"
        },
        "orders": {
            "bsonType": "array",
            "items": {
                "bsonType": "object",
                "properties": {
                    "_id": {
                        "bsonType": "objectId"
                    },
                    "completionDate": {
                        "bsonType": "date"
                    },
                    "invoiceNumber": {
                        "bsonType": "string"
                    }
                }
            }
        },
        "pausedOn": {
            "bsonType": "date"
        },
        "phone": {
            "bsonType": "string"
        },
        "resumedOn": {
            "bsonType": "date"
        },
        "rushed": {
            "bsonType": "bool"
        },
        "shippingAddress": {
            "bsonType": "object",
            "properties": {
                "address1": {
                    "bsonType": "string"
                },
                "address2": {
                    "bsonType": "string"
                },
                "city": {
                    "bsonType": "string"
                },
                "company": {
                    "bsonType": "string"
                },
                "country": {
                    "bsonType": "string"
                },
                "firstName": {
                    "bsonType": "string"
                },
                "lastName": {
                    "bsonType": "string"
                },
                "state": {
                    "bsonType": "string"
                },
                "zip": {
                    "bsonType": "string"
                }
            }
        },
        "shippingPrice": {
            "bsonType": "int"
        },
        "source": {
            "bsonType": "string"
        },
        "started": {
            "bsonType": "date"
        },
        "status": {
            "bsonType": "string"
        },
        "totalOrders": {
            "bsonType": "int"
        },
        "totalPrice": {
            "bsonType": "int"
        },
        "totalValue": {
            "bsonType": "int"
        }
    },
    "title": "flexplan"
}
